variable,perturbation_pct,NTU_change_mean,NTU_change_12h
RW_NTU,-50.0,-0.021055263902305322,0.036020609796700256
RW_NTU,-30.0,-0.002752099736049072,0.04032651140995737
RW_NTU,0.0,0.0,0.0
RW_NTU,30.0,0.013819682072613032,-0.02175440373592575
RW_NTU,50.0,0.030469316111776296,-0.02338533921391868
RW_PH,-50.0,43.27975487850656,41.33994873762132
RW_PH,-30.0,26.193667401669355,24.730941188454285
RW_PH,0.0,0.0,0.0
RW_PH,30.0,7.483591235726603,5.978103360409237
RW_PH,50.0,13.073466594501541,10.59790885241871
ALUM,-50.0,0.5440268528033557,0.8881032393397464
ALUM,-30.0,0.3731726051618469,0.5717176732958963
ALUM,0.0,0.0,0.0
ALUM,30.0,-0.036441761849415784,0.014091292255450095
ALUM,50.0,0.0224515171288672,0.010076216162818024
RW_FLOW,-50.0,1.5980091878823597,0.48133685870363185
RW_FLOW,-30.0,0.5506590692812415,0.12549933275285846
RW_FLOW,0.0,0.0,0.0
RW_FLOW,30.0,0.2565626713538636,0.06460760040719024
RW_FLOW,50.0,0.5384693245862281,0.3941590990789031
FILT_NTU,-50.0,0.13184617241043659,0.19394005870837275
FILT_NTU,-30.0,0.08064306173966947,0.1169864412928689
FILT_NTU,0.0,0.0,0.0
FILT_NTU,30.0,-0.0663861145054277,-0.09414491397540742
FILT_NTU,50.0,-0.10161764063693907,-0.14390432717964396
RW_NTU_lag1,-50.0,-0.00523201920365246,0.08645384590524427
RW_NTU_lag1,-30.0,0.0002901236396677329,0.06160859614627357
RW_NTU_lag1,0.0,0.0,0.0
RW_NTU_lag1,30.0,0.03920673554347338,0.007038213608816506
RW_NTU_lag1,50.0,0.08776636110987975,0.05923393840908022
ALUM_lag1,-50.0,0.34968974577765227,0.5016544029117218
ALUM_lag1,-30.0,0.4138027916334422,0.6974246876957846
ALUM_lag1,0.0,0.0,0.0
ALUM_lag1,30.0,0.4239686974940777,0.32457257764180164
ALUM_lag1,50.0,0.44576994149686094,0.1096987218136103
FILT_NTU_lag1,-50.0,0.07963591124514387,0.13385654993721072
FILT_NTU_lag1,-30.0,0.04539370043909169,0.07777855125684864
FILT_NTU_lag1,0.0,0.0,0.0
FILT_NTU_lag1,30.0,-0.04629448691131263,-0.0809223057102914
FILT_NTU_lag1,50.0,-0.07355033555260533,-0.12085087803834371
RW_NTU_lag2,-50.0,0.0709186402704921,0.1694339968034896
RW_NTU_lag2,-30.0,0.05858475476271113,0.13147739302453054
RW_NTU_lag2,0.0,0.0,0.0
RW_NTU_lag2,30.0,-0.04149544376231646,-0.09160589851815289
RW_NTU_lag2,50.0,-0.05933406627121544,-0.11574853752115227
ALUM_lag2,-50.0,-0.29300558383006564,-0.39118233155095955
ALUM_lag2,-30.0,-0.45243456407499494,-0.5588295648130808
ALUM_lag2,0.0,0.0,0.0
ALUM_lag2,30.0,-0.001316468831485909,-0.12309072171315913
ALUM_lag2,50.0,0.4962159341605262,0.24403567819935143
FILT_NTU_lag2,-50.0,0.022899761926451486,-0.019036048659554102
FILT_NTU_lag2,-30.0,0.01428486363867182,-0.019937657011816393
FILT_NTU_lag2,0.0,0.0,0.0
FILT_NTU_lag2,30.0,-0.014715037313525798,0.015689221233624685
FILT_NTU_lag2,50.0,-0.026161451626461024,0.023319167900306845
RW_PH_lag1,-50.0,58.73656597264881,56.95030638622092
RW_PH_lag1,-30.0,36.361958218325675,35.21124173747755
RW_PH_lag1,0.0,0.0,0.0
RW_PH_lag1,30.0,6.955907639345754,7.969591405123245
RW_PH_lag1,50.0,12.211516104940694,13.852507161025418
RW_FLOW_lag1,-50.0,0.40373288571881494,0.18258851995499134
RW_FLOW_lag1,-30.0,0.7652342088057252,0.5919859734163727
RW_FLOW_lag1,0.0,0.0,0.0
RW_FLOW_lag1,30.0,0.10638736288960345,-0.03098256670582031
RW_FLOW_lag1,50.0,0.3834060321557813,0.19349915252402966
hour,-50.0,-0.09138333408420228,-0.11379407165425733
hour,-30.0,-0.06710442150685163,-0.09875848335436692
hour,0.0,0.0,0.0
hour,30.0,0.13230769508450127,0.23657470058981817
hour,50.0,0.18919541863011013,0.3263191091831203
day_of_week,-50.0,0.022197154151556805,0.05859638911414749
day_of_week,-30.0,0.009395680988181491,0.03445689843220191
day_of_week,0.0,0.0,0.0
day_of_week,30.0,0.012380084396013985,-0.005368211600012393
day_of_week,50.0,0.013736400286527123,0.0027852829964577844
month,-50.0,-0.3616778205974216,-0.3981381017144952
month,-30.0,-0.383959831299947,-0.42102606245945207
month,0.0,0.0,0.0
month,30.0,0.5842693031447199,0.5671600513176979
month,50.0,0.9466407903933223,0.8769172496386523
